checkinCount1,checkinCount2,checkinCount3,checkinCount4,height0,weight0,weight1,weight2,weight3,weight4,waistline0,waistline1,waistline2,waistline3,waistline4,deltaWeight1,deltaWeight2,deltaWeight3,deltaWeight4,deltaWeightAll,deltaWaist1,deltaWaist2,deltaWaist3,deltaWaist4,deltaWaistAll
16.0,17.0,15.0,2.0,158.0,52.0,50.9,50.4,50.3,49.9,70.0,68.5,67.0,67.0,67.5,1.1,0.5,0.1,0.4,2.1,1.5,1.5,0.0,-0.5,2.5
24.0,22.0,13.0,1.0,174.0,92.0,90.8,90.1,88.7,88.7,101.0,100.0,100.0,98.0,94.0,1.2,0.7,1.4,0.0,3.3,1.0,0.0,2.0,4.0,7.0
18.0,25.0,27.0,19.0,170.0,57.8,56.8,56.0,55.9,55.7,71.0,71.0,68.0,67.5,66.5,1.0,0.8,0.1,0.2,2.1,0.0,3.0,0.5,1.0,4.5
23.0,26.0,27.0,12.0,158.0,54.5,54.4,54.9,53.5,52.5,67.0,66.0,66.0,66.0,65.0,0.1,-0.5,1.4,1.0,2.0,1.0,0.0,0.0,1.0,2.0
19.0,24.0,16.0,15.0,168.0,54.0,52.0,52.0,51.0,50.5,71.0,70.0,70.0,68.0,66.0,2.0,0.0,1.0,0.5,3.5,1.0,0.0,2.0,2.0,5.0
20.0,22.0,20.0,20.0,166.0,57.0,55.2,54.0,53.8,53.0,69.0,63.0,63.0,62.0,62.0,1.8,1.2,0.2,0.8,4.0,6.0,0.0,1.0,0.0,7.0
24.0,28.0,27.0,26.0,168.0,62.4,61.3,60.4,59.0,59.0,77.0,70.0,68.5,68.0,68.0,1.1,0.9,1.4,0.0,3.4,7.0,1.5,0.5,0.0,9.0
17.0,24.0,25.0,21.0,165.0,73.9,71.7,71.4,70.0,70.3,85.0,80.0,78.0,77.0,77.0,2.2,0.3,1.4,-0.3,3.6,5.0,2.0,1.0,0.0,8.0
24.0,28.0,26.0,28.0,163.0,73.7,73.0,72.2,71.8,71.7,91.0,88.0,87.0,87.0,88.0,0.7,0.8,0.4,0.1,2.0,3.0,1.0,0.0,-1.0,3.0
22.0,28.0,21.0,17.0,166.0,67.0,66.4,65.6,65.3,65.5,82.0,80.0,83.0,77.5,77.0,0.6,0.8,0.3,-0.2,1.5,2.0,-3.0,5.5,0.5,5.0
28.0,28.0,27.0,23.0,163.0,54.0,53.2,52.7,52.3,52.2,69.3,67.0,66.0,66.0,64.0,0.8,0.5,0.4,0.1,1.8,2.3,1.0,0.0,2.0,5.3
20.0,24.0,24.0,25.0,167.0,54.9,54.5,53.9,54.1,53.0,65.0,64.0,63.5,63.5,63.0,0.4,0.6,-0.2,1.1,1.9,1.0,0.5,0.0,0.5,2.0
22.0,25.0,25.0,18.0,160.0,53.9,53.1,53.7,53.3,52.6,70.0,68.0,68.5,68.0,67.0,0.8,-0.6,0.4,0.7,1.3,2.0,-0.5,0.5,1.0,3.0
21.0,20.0,8.0,0.0,158.0,50.9,50.0,49.8,50.1,48.7,68.0,67.0,68.0,67.0,67.0,0.9,0.2,-0.3,1.4,2.2,1.0,-1.0,1.0,0.0,1.0
7.0,10.0,5.0,0.0,153.0,47.5,46.6,46.4,45.5,44.9,72.0,71.0,70.0,69.0,68.0,0.9,0.2,0.9,0.6,2.6,1.0,1.0,1.0,1.0,4.0
23.0,23.0,27.0,25.0,172.0,56.7,56.5,56.3,56.3,56.2,70.0,68.0,67.0,67.0,66.0,0.2,0.2,0.0,0.1,0.5,2.0,1.0,0.0,1.0,4.0
22.0,26.0,23.0,14.0,161.0,51.7,51.0,50.4,50.8,49.8,67.0,65.0,64.0,64.0,63.5,0.7,0.6,-0.4,1.0,1.9,2.0,1.0,0.0,0.5,3.5
22.0,19.0,17.0,11.0,162.0,67.7,66.5,65.7,65.3,65.7,92.0,89.0,85.5,85.0,85.0,1.2,0.8,0.4,-0.4,2.0,3.0,3.5,0.5,0.0,7.0
24.0,0.0,25.0,27.0,162.0,62.2,60.5,60.0,59.6,59.5,74.0,74.0,73.0,73.0,72.0,1.7,0.5,0.4,0.1,2.7,0.0,1.0,0.0,1.0,2.0
28.0,25.0,28.0,28.0,160.0,54.5,53.8,53.4,53.3,52.3,75.0,75.0,73.0,71.0,69.5,0.7,0.4,0.1,1.0,2.2,0.0,2.0,2.0,1.5,5.5
27.0,26.0,23.0,16.0,163.0,57.7,57.2,56.5,56.2,56.0,76.0,73.0,72.0,71.0,71.0,0.5,0.7,0.3,0.2,1.7,3.0,1.0,1.0,0.0,5.0
20.0,23.0,26.0,23.0,165.0,50.9,50.2,49.8,48.6,48.3,66.0,64.0,64.0,63.0,62.5,0.7,0.4,1.2,0.3,2.6,2.0,0.0,1.0,0.5,3.5
21.0,26.0,23.0,23.0,160.0,68.5,67.5,67.0,66.5,65.0,78.0,75.0,73.5,73.0,71.0,1.0,0.5,0.5,1.5,3.5,3.0,1.5,0.5,2.0,7.0
23.0,28.0,27.0,20.0,162.0,65.2,63.8,62.8,62.2,61.5,77.0,76.0,76.0,75.0,75.0,1.4,1.0,0.6,0.7,3.7,1.0,0.0,1.0,0.0,2.0
18.0,15.0,15.0,0.0,165.0,56.0,54.8,54.0,53.5,53.5,73.0,72.0,70.0,70.0,69.5,1.2,0.8,0.5,0.0,2.5,1.0,2.0,0.0,0.5,3.5
28.0,28.0,28.0,28.0,164.0,64.5,62.6,62.8,61.8,61.8,75.0,73.0,73.0,71.0,71.0,1.9,-0.2,1.0,0.0,2.7,2.0,0.0,2.0,0.0,4.0
24.0,23.0,26.0,15.0,165.0,57.4,55.1,55.3,55.0,55.0,74.5,71.0,70.0,69.0,70.0,2.3,-0.2,0.3,0.0,2.4,3.5,1.0,1.0,-1.0,4.5
20.0,14.0,19.0,14.0,168.0,68.0,67.0,66.0,66.5,65.5,81.0,76.5,75.0,72.0,72.0,1.0,1.0,-0.5,1.0,2.5,4.5,1.5,3.0,0.0,9.0
23.0,18.0,20.0,12.0,160.0,54.4,53.8,53.4,53.6,53.7,74.0,73.5,73.5,73.0,73.5,0.6,0.4,-0.2,-0.1,0.7,0.5,0.0,0.5,-0.5,0.5
21.0,24.0,23.0,19.0,160.0,64.5,62.4,61.4,60.3,59.7,75.0,73.5,72.0,72.0,71.0,2.1,1.0,1.1,0.6,4.8,1.5,1.5,0.0,1.0,4.0
24.0,25.0,24.0,28.0,158.0,53.0,51.0,50.5,50.0,50.0,70.0,70.0,70.0,70.0,69.0,2.0,0.5,0.5,0.0,3.0,0.0,0.0,0.0,1.0,1.0
19.0,22.0,18.0,20.0,167.0,61.0,60.1,59.4,58.8,58.7,70.5,69.5,69.5,68.5,69.0,0.9,0.7,0.6,0.1,2.3,1.0,0.0,1.0,-0.5,1.5
22.0,26.0,25.0,25.0,156.0,50.4,49.3,49.1,49.5,48.9,72.0,70.0,69.0,69.0,67.5,1.1,0.2,-0.4,0.6,1.5,2.0,1.0,0.0,1.5,4.5
23.0,25.0,26.0,25.0,183.0,88.2,87.5,85.5,84.3,83.7,89.0,82.0,80.0,80.0,81.0,0.7,2.0,1.2,0.6,4.5,7.0,2.0,0.0,-1.0,8.0
23.0,21.0,19.0,17.0,160.0,61.4,60.4,60.0,59.0,59.0,77.0,76.0,75.0,73.0,73.0,1.0,0.4,1.0,0.0,2.4,1.0,1.0,2.0,0.0,4.0
17.0,20.0,26.0,18.0,160.0,61.1,59.6,59.5,58.4,58.5,77.0,75.0,73.0,73.0,73.0,1.5,0.1,1.1,-0.1,2.6,2.0,2.0,0.0,0.0,4.0
17.0,18.0,17.0,8.0,163.0,58.8,58.5,58.4,58.2,57.8,77.0,76.0,75.0,74.0,72.0,0.3,0.1,0.2,0.4,1.0,1.0,1.0,1.0,2.0,5.0
26.0,24.0,28.0,28.0,160.0,69.0,67.4,66.5,65.1,64.5,80.0,77.0,76.0,73.0,73.0,1.6,0.9,1.4,0.6,4.5,3.0,1.0,3.0,0.0,7.0
23.0,27.0,27.0,28.0,180.0,96.3,94.5,92.5,91.3,89.8,108.5,107.0,103.0,100.0,100.0,1.8,2.0,1.2,1.5,6.5,1.5,4.0,3.0,0.0,8.5
24.0,28.0,27.0,14.0,155.0,59.6,58.7,58.0,57.1,55.6,82.0,78.0,77.0,75.0,74.0,0.9,0.7,0.9,1.5,4.0,4.0,1.0,2.0,1.0,8.0
24.0,28.0,27.0,25.0,165.0,59.0,58.0,57.0,56.3,56.0,64.5,64.0,64.0,64.0,63.5,1.0,1.0,0.7,0.3,3.0,0.5,0.0,0.0,0.5,1.0
24.0,23.0,21.0,23.0,156.0,54.0,52.9,52.5,51.9,51.8,75.0,74.8,73.0,72.5,72.2,1.1,0.4,0.6,0.1,2.2,0.2,1.8,0.5,0.3,2.8
1.0,3.0,0.0,0.0,168.0,60.2,59.4,58.5,57.5,56.5,71.0,70.5,69.5,68.5,68.0,0.8,0.9,1.0,1.0,3.7,0.5,1.0,1.0,0.5,3.0
22.0,25.0,23.0,20.0,160.0,55.5,54.0,53.5,52.5,52.3,75.0,73.0,71.8,70.0,68.0,1.5,0.5,1.0,0.2,3.2,2.0,1.2,1.8,2.0,7.0
27.0,23.0,17.0,15.0,160.0,65.8,64.4,65.1,64.2,65.0,93.0,91.0,90.0,89.0,90.0,1.4,-0.7,0.9,-0.8,0.8,2.0,1.0,1.0,-1.0,3.0
26.0,23.0,14.0,11.0,163.0,57.8,56.6,56.5,56.0,55.8,76.0,69.0,68.5,68.0,68.0,1.2,0.1,0.5,0.2,2.0,7.0,0.5,0.5,0.0,8.0
23.0,27.0,28.0,28.0,175.0,73.6,73.5,73.1,71.3,70.6,78.0,80.0,76.0,75.5,74.0,0.1,0.4,1.8,0.7,3.0,-2.0,4.0,0.5,1.5,4.0
28.0,27.0,26.0,26.0,160.0,62.0,60.0,60.3,58.8,58.3,78.0,74.0,75.0,74.0,76.0,2.0,-0.3,1.5,0.5,3.7,4.0,-1.0,1.0,-2.0,2.0
22.0,23.0,27.0,12.0,165.0,52.9,51.9,51.9,51.1,51.1,67.0,66.5,67.0,66.5,66.0,1.0,0.0,0.8,0.0,1.8,0.5,-0.5,0.5,0.5,1.0
17.0,25.0,26.0,25.0,160.0,65.2,64.5,64.2,63.8,63.4,83.0,82.5,84.0,128.0,78.0,0.7,0.3,0.4,0.4,1.8,0.5,-1.5,-44.0,50.0,5.0
12.0,3.0,1.0,1.0,177.0,72.3,71.5,71.0,70.1,71.0,87.0,85.0,85.0,85.0,82.0,0.8,0.5,0.9,-0.9,1.3,2.0,0.0,0.0,3.0,5.0
28.0,28.0,28.0,22.0,158.0,59.5,58.6,58.0,57.0,56.5,73.0,75.0,71.0,71.0,69.0,0.9,0.6,1.0,0.5,3.0,-2.0,4.0,0.0,2.0,4.0
21.0,21.0,21.0,19.0,162.0,62.0,61.0,60.2,60.0,59.8,74.0,71.0,69.0,68.5,68.0,1.0,0.8,0.2,0.2,2.2,3.0,2.0,0.5,0.5,6.0
19.0,20.0,14.0,12.0,155.0,70.3,69.8,69.0,67.8,67.1,90.0,88.5,87.5,87.0,86.0,0.5,0.8,1.2,0.7,3.2,1.5,1.0,0.5,1.0,4.0
28.0,28.0,28.0,28.0,155.0,49.5,48.3,47.5,47.6,47.1,75.0,72.0,68.0,64.5,69.0,1.2,0.8,-0.1,0.5,2.4,3.0,4.0,3.5,-4.5,6.0
28.0,28.0,28.0,28.0,163.0,54.2,53.7,52.6,52.6,52.0,66.0,64.5,63.0,63.5,62.5,0.5,1.1,0.0,0.6,2.2,1.5,1.5,-0.5,1.0,3.5
22.0,23.0,18.0,18.0,163.0,53.6,52.3,53.2,53.2,51.9,63.0,61.0,61.0,60.0,60.5,1.3,-0.9,0.0,1.3,1.7,2.0,0.0,1.0,-0.5,2.5
23.0,28.0,28.0,28.0,170.0,64.4,61.8,61.5,61.2,60.2,73.5,70.0,68.5,68.0,67.5,2.6,0.3,0.3,1.0,4.2,3.5,1.5,0.5,0.5,6.0
24.0,26.0,27.0,27.0,173.0,65.2,64.9,64.5,62.7,62.4,71.0,71.0,70.5,70.0,68.0,0.3,0.4,1.8,0.3,2.8,0.0,0.5,0.5,2.0,3.0
18.0,13.0,1.0,0.0,160.0,57.0,55.7,55.8,54.7,54.3,77.0,76.0,76.0,82.0,73.0,1.3,-0.1,1.1,0.4,2.7,1.0,0.0,-6.0,9.0,4.0
25.0,26.0,16.0,23.0,172.0,67.6,66.2,65.5,66.2,64.0,81.0,81.3,78.0,78.0,74.0,1.4,0.7,-0.7,2.2,3.6,-0.3,3.3,0.0,4.0,7.0
21.0,23.0,22.0,15.0,161.0,68.9,68.0,67.8,67.8,66.2,85.0,83.0,83.0,82.0,80.0,0.9,0.2,0.0,1.6,2.7,2.0,0.0,1.0,2.0,5.0
20.0,24.0,24.0,24.0,160.0,58.0,57.0,56.8,57.0,57.0,79.0,75.0,72.0,72.0,71.0,1.0,0.2,-0.2,0.0,1.0,4.0,3.0,0.0,1.0,8.0
23.0,22.0,24.0,25.0,174.0,62.9,62.2,62.1,61.8,60.7,69.0,68.0,67.0,67.0,66.0,0.7,0.1,0.3,1.1,2.2,1.0,1.0,0.0,1.0,3.0
28.0,28.0,28.0,28.0,164.0,69.5,68.2,66.6,66.0,65.0,82.0,79.0,78.0,78.0,77.0,1.3,1.6,0.6,1.0,4.5,3.0,1.0,0.0,1.0,5.0
24.0,24.0,19.0,19.0,155.0,55.8,54.6,54.0,53.3,52.8,81.5,71.5,76.0,72.0,76.0,1.2,0.6,0.7,0.5,3.0,10.0,-4.5,4.0,-4.0,5.5
20.0,21.0,24.0,7.0,174.0,58.6,57.3,57.0,56.5,56.6,67.0,66.5,66.5,65.0,64.0,1.3,0.3,0.5,-0.1,2.0,0.5,0.0,1.5,1.0,3.0
28.0,28.0,28.0,28.0,165.0,81.6,79.5,79.4,79.3,79.5,97.0,91.0,89.0,89.0,88.0,2.1,0.1,0.1,-0.2,2.1,6.0,2.0,0.0,1.0,9.0
14.0,21.0,12.0,13.0,170.0,71.2,71.0,70.2,69.9,69.8,85.0,84.0,84.0,83.0,82.0,0.2,0.8,0.3,0.1,1.4,1.0,0.0,1.0,1.0,3.0
27.0,28.0,27.0,25.0,168.0,59.6,59.1,58.8,58.2,57.5,74.0,74.0,74.0,72.0,72.0,0.5,0.3,0.6,0.7,2.1,0.0,0.0,2.0,0.0,2.0
23.0,27.0,27.0,27.0,168.0,78.7,76.9,75.9,75.1,73.9,100.0,98.5,97.0,95.5,92.0,1.8,1.0,0.8,1.2,4.8,1.5,1.5,1.5,3.5,8.0
23.0,28.0,28.0,27.0,180.0,75.0,74.0,74.0,73.5,73.3,85.0,81.0,83.0,80.0,80.0,1.0,0.0,0.5,0.2,1.7,4.0,-2.0,3.0,0.0,5.0
19.0,0.0,0.0,0.0,164.0,60.0,58.0,57.7,57.0,56.0,73.0,68.0,65.0,63.0,63.0,2.0,0.3,0.7,1.0,4.0,5.0,3.0,2.0,0.0,10.0
13.0,13.0,15.0,10.0,176.0,76.0,74.5,73.5,71.6,71.5,85.5,84.5,83.5,81.0,81.0,1.5,1.0,1.9,0.1,4.5,1.0,1.0,2.5,0.0,4.5
24.0,28.0,25.0,28.0,172.0,68.7,67.1,66.6,66.2,66.0,77.0,77.0,75.0,73.5,72.0,1.6,0.5,0.4,0.2,2.7,0.0,2.0,1.5,1.5,5.0
28.0,27.0,28.0,27.0,174.0,79.9,78.0,77.7,76.0,74.8,92.0,88.5,90.0,86.0,83.0,1.9,0.3,1.7,1.2,5.1,3.5,-1.5,4.0,3.0,9.0
18.0,17.0,7.0,6.0,183.0,87.7,85.7,85.4,84.4,83.2,96.0,96.0,93.0,93.0,92.0,2.0,0.3,1.0,1.2,4.5,0.0,3.0,0.0,1.0,4.0
24.0,28.0,28.0,28.0,162.0,61.7,59.3,59.3,57.8,57.4,73.5,69.0,69.0,67.0,67.0,2.4,0.0,1.5,0.4,4.3,4.5,0.0,2.0,0.0,6.5
21.0,27.0,23.0,20.0,164.0,63.8,62.4,61.3,61.3,61.0,74.0,70.0,69.5,69.0,69.0,1.4,1.1,0.0,0.3,2.8,4.0,0.5,0.5,0.0,5.0
22.0,26.0,3.0,10.0,161.0,62.4,61.0,60.1,60.2,59.5,82.0,78.0,75.0,75.0,75.0,1.4,0.9,-0.1,0.7,2.9,4.0,3.0,0.0,0.0,7.0
28.0,28.0,26.0,24.0,160.0,68.2,66.6,65.6,65.2,64.1,87.0,86.0,83.0,83.0,82.0,1.6,1.0,0.4,1.1,4.1,1.0,3.0,0.0,1.0,5.0
20.0,24.0,24.0,20.0,165.0,73.5,71.4,71.0,70.1,69.8,83.0,79.0,78.0,77.0,77.0,2.1,0.4,0.9,0.3,3.7,4.0,1.0,1.0,0.0,6.0
20.0,23.0,23.0,7.0,164.0,74.0,72.0,72.0,70.0,70.0,86.0,82.0,79.0,78.0,77.0,2.0,0.0,2.0,0.0,4.0,4.0,3.0,1.0,1.0,9.0
28.0,28.0,28.0,28.0,172.0,90.0,87.6,87.0,86.5,87.0,92.0,89.0,88.5,88.3,86.0,2.4,0.6,0.5,-0.5,3.0,3.0,0.5,0.2,2.3,6.0
27.0,28.0,26.0,27.0,160.0,66.0,65.7,64.3,63.5,63.3,81.0,76.6,73.0,73.0,74.0,0.3,1.4,0.8,0.2,2.7,4.4,3.6,0.0,-1.0,7.0
21.0,27.0,17.0,15.0,174.0,72.7,71.5,70.1,70.1,68.5,73.0,71.0,70.0,69.0,68.5,1.2,1.4,0.0,1.6,4.2,2.0,1.0,1.0,0.5,4.5
27.0,25.0,25.0,19.0,164.0,64.2,62.2,62.3,62.0,61.4,77.5,76.0,71.5,69.0,70.0,2.0,-0.1,0.3,0.6,2.8,1.5,4.5,2.5,-1.0,7.5
21.0,22.0,20.0,3.0,157.0,50.0,47.5,47.3,46.5,47.0,65.0,63.0,65.0,62.0,62.0,2.5,0.2,0.8,-0.5,3.0,2.0,-2.0,3.0,0.0,3.0
22.0,24.0,21.0,23.0,170.0,68.2,66.0,66.0,66.0,66.0,73.0,73.0,70.0,69.0,69.0,2.2,0.0,0.0,0.0,2.2,0.0,3.0,1.0,0.0,4.0
26.0,21.0,19.0,13.0,176.0,73.5,72.8,71.4,70.9,69.5,74.0,72.0,72.0,71.0,70.2,0.7,1.4,0.5,1.4,4.0,2.0,0.0,1.0,0.8,3.8
23.0,27.0,16.0,5.0,156.0,66.2,65.5,64.7,64.4,63.9,81.0,79.0,77.0,76.0,76.0,0.7,0.8,0.3,0.5,2.3,2.0,2.0,1.0,0.0,5.0
24.0,28.0,28.0,28.0,163.0,69.7,68.2,67.5,67.0,66.7,90.5,88.0,87.0,84.0,83.0,1.5,0.7,0.5,0.3,3.0,2.5,1.0,3.0,1.0,7.5
16.0,10.0,17.0,7.0,167.0,52.7,51.9,51.9,51.5,51.5,70.0,69.5,68.5,68.0,68.0,0.8,0.0,0.4,0.0,1.2,0.5,1.0,0.5,0.0,2.0
24.0,26.0,27.0,27.0,170.0,87.7,84.8,84.6,83.1,81.7,91.0,90.0,89.0,87.0,88.0,2.9,0.2,1.5,1.4,6.0,1.0,1.0,2.0,-1.0,3.0
5.0,21.0,18.0,17.0,158.0,48.0,46.8,47.0,46.8,46.6,68.0,68.0,66.0,66.5,63.0,1.2,-0.2,0.2,0.2,1.4,0.0,2.0,-0.5,3.5,5.0
21.0,28.0,28.0,28.0,152.0,55.0,53.7,53.0,52.0,52.0,83.0,83.0,81.0,80.0,79.5,1.3,0.7,1.0,0.0,3.0,0.0,2.0,1.0,0.5,3.5
28.0,27.0,25.0,18.0,172.0,65.0,62.5,61.6,60.8,60.4,83.0,81.0,79.0,78.0,78.0,2.5,0.9,0.8,0.4,4.6,2.0,2.0,1.0,0.0,5.0
24.0,27.0,27.0,26.0,158.0,51.1,50.4,50.1,50.3,50.0,73.0,70.0,71.0,71.0,70.0,0.7,0.3,-0.2,0.3,1.1,3.0,-1.0,0.0,1.0,3.0
27.0,28.0,28.0,25.0,150.0,54.1,53.2,52.6,52.6,52.3,75.0,74.0,72.5,72.0,72.5,0.9,0.6,0.0,0.3,1.8,1.0,1.5,0.5,-0.5,2.5
17.0,15.0,17.0,14.0,163.0,69.0,67.7,68.1,67.4,67.7,90.0,85.0,85.0,85.0,85.0,1.3,-0.4,0.7,-0.3,1.3,5.0,0.0,0.0,0.0,5.0
24.0,27.0,27.0,27.0,168.0,79.3,77.3,77.0,76.0,74.0,94.0,92.0,89.0,87.0,85.0,2.0,0.3,1.0,2.0,5.3,2.0,3.0,2.0,2.0,9.0
23.0,23.0,25.0,20.0,163.0,55.0,54.2,54.0,54.0,54.0,73.0,72.0,70.5,68.5,68.0,0.8,0.2,0.0,0.0,1.0,1.0,1.5,2.0,0.5,5.0
23.0,23.0,2.0,27.0,177.0,95.5,92.5,92.2,91.0,90.0,98.0,93.5,93.5,93.0,93.0,3.0,0.3,1.2,1.0,5.5,4.5,0.0,0.5,0.0,5.0
22.0,24.0,24.0,27.0,166.0,56.0,55.0,55.9,55.6,55.1,69.0,67.0,66.0,65.0,65.0,1.0,-0.9,0.3,0.5,0.9,2.0,1.0,1.0,0.0,4.0
24.0,24.0,25.0,21.0,164.0,58.1,56.4,56.0,55.3,55.2,76.0,74.0,73.0,72.0,72.0,1.7,0.4,0.7,0.1,2.9,2.0,1.0,1.0,0.0,4.0
14.0,19.0,17.0,17.0,164.0,66.6,64.5,64.1,63.6,63.6,76.0,71.0,68.0,67.0,67.0,2.1,0.4,0.5,0.0,3.0,5.0,3.0,1.0,0.0,9.0
18.0,21.0,13.0,13.0,170.0,73.3,72.0,71.4,70.4,69.6,85.0,81.0,79.0,79.0,79.0,1.3,0.6,1.0,0.8,3.7,4.0,2.0,0.0,0.0,6.0
27.0,28.0,20.0,13.0,156.0,63.9,63.3,61.5,61.0,60.5,80.0,79.0,77.0,76.0,76.0,0.6,1.8,0.5,0.5,3.4,1.0,2.0,1.0,0.0,4.0
23.0,24.0,23.0,23.0,172.0,50.4,50.3,50.0,50.1,50.1,61.0,61.0,60.8,60.0,60.0,0.1,0.3,-0.1,0.0,0.3,0.0,0.2,0.8,0.0,1.0
28.0,28.0,28.0,24.0,155.0,61.5,60.8,60.1,60.1,59.3,82.0,82.0,80.0,79.0,80.0,0.7,0.7,0.0,0.8,2.2,0.0,2.0,1.0,-1.0,2.0
22.0,22.0,24.0,20.0,161.0,62.0,60.3,60.0,59.2,60.0,85.0,81.5,81.0,78.0,79.0,1.7,0.3,0.8,-0.8,2.0,3.5,0.5,3.0,-1.0,6.0
24.0,28.0,17.0,15.0,160.0,60.5,59.3,59.6,59.0,58.1,80.0,77.0,72.0,72.0,73.0,1.2,-0.3,0.6,0.9,2.4,3.0,5.0,0.0,-1.0,7.0
22.0,23.0,21.0,18.0,153.0,64.0,62.3,62.7,61.8,60.5,86.0,80.0,80.0,80.0,77.0,1.7,-0.4,0.9,1.3,3.5,6.0,0.0,0.0,3.0,9.0
19.0,23.0,14.0,22.0,160.0,68.8,67.1,66.3,66.6,65.0,81.0,81.0,81.0,79.5,78.5,1.7,0.8,-0.3,1.6,3.8,0.0,0.0,1.5,1.0,2.5
15.0,20.0,18.0,22.0,176.0,88.2,86.1,84.1,82.8,81.6,95.3,95.0,93.0,91.5,89.0,2.1,2.0,1.3,1.2,6.6,0.3,2.0,1.5,2.5,6.3
23.0,20.0,22.0,17.0,176.0,75.0,73.8,73.5,72.9,71.9,80.0,77.0,75.0,77.0,72.0,1.2,0.3,0.6,1.0,3.1,3.0,2.0,-2.0,5.0,8.0
19.0,28.0,28.0,23.0,165.0,70.0,68.9,67.0,66.2,65.2,81.0,76.5,82.0,75.0,74.5,1.1,1.9,0.8,1.0,4.8,4.5,-5.5,7.0,0.5,6.5
23.0,19.0,25.0,19.0,151.0,45.0,43.6,43.6,43.2,44.0,75.0,70.0,67.0,68.0,67.0,1.4,0.0,0.4,-0.8,1.0,5.0,3.0,-1.0,1.0,8.0
19.0,21.0,22.0,20.0,157.0,67.0,66.0,65.5,64.5,64.5,93.0,89.0,88.0,86.0,88.0,1.0,0.5,1.0,0.0,2.5,4.0,1.0,2.0,-2.0,5.0
25.0,27.0,24.0,25.0,169.0,88.6,86.1,85.0,83.5,83.0,100.0,98.0,97.0,95.1,95.0,2.5,1.1,1.5,0.5,5.6,2.0,1.0,1.9,0.1,5.0
24.0,26.0,22.0,23.0,170.0,75.4,73.5,72.9,71.9,71.4,93.0,90.0,87.0,85.0,83.0,1.9,0.6,1.0,0.5,4.0,3.0,3.0,2.0,2.0,10.0
23.0,27.0,27.0,27.0,163.0,61.3,59.3,58.4,58.2,56.7,77.0,74.0,71.0,71.0,71.0,2.0,0.9,0.2,1.5,4.6,3.0,3.0,0.0,0.0,6.0
14.0,20.0,25.0,12.0,160.0,60.9,60.3,59.6,59.2,57.8,76.0,74.0,71.0,71.0,70.0,0.6,0.7,0.4,1.4,3.1,2.0,3.0,0.0,1.0,6.0
24.0,27.0,28.0,28.0,158.0,61.0,60.0,59.5,59.5,59.0,87.0,86.0,83.5,81.5,77.0,1.0,0.5,0.0,0.5,2.0,1.0,2.5,2.0,4.5,10.0
19.0,25.0,25.0,25.0,160.0,64.2,63.5,62.5,62.5,61.6,82.0,79.0,80.0,77.0,78.0,0.7,1.0,0.0,0.9,2.6,3.0,-1.0,3.0,-1.0,4.0
13.0,21.0,24.0,18.0,156.0,43.0,42.5,42.1,42.3,42.4,68.0,65.0,63.0,63.0,63.0,0.5,0.4,-0.2,-0.1,0.6,3.0,2.0,0.0,0.0,5.0
23.0,25.0,25.0,21.0,172.0,74.0,71.1,70.6,68.7,68.0,90.0,90.0,86.0,86.0,83.0,2.9,0.5,1.9,0.7,6.0,0.0,4.0,0.0,3.0,7.0
22.0,28.0,25.0,19.0,171.0,68.8,67.3,66.3,66.0,65.5,77.0,75.0,73.5,72.8,72.0,1.5,1.0,0.3,0.5,3.3,2.0,1.5,0.7,0.8,5.0
28.0,28.0,28.0,22.0,160.0,66.0,64.0,63.0,62.7,61.9,96.0,81.0,79.0,79.0,95.0,2.0,1.0,0.3,0.8,4.1,15.0,2.0,0.0,-16.0,1.0
24.0,25.0,23.0,21.0,164.0,50.1,48.2,48.5,47.8,47.8,67.5,66.5,65.0,65.0,63.0,1.9,-0.3,0.7,0.0,2.3,1.0,1.5,0.0,2.0,4.5
22.0,26.0,24.0,17.0,170.0,72.5,71.2,69.9,70.0,69.5,91.0,86.0,86.0,85.0,85.0,1.3,1.3,-0.1,0.5,3.0,5.0,0.0,1.0,0.0,6.0
27.0,28.0,28.0,22.0,156.0,56.1,55.2,54.8,53.8,53.4,82.0,79.0,77.0,74.5,76.0,0.9,0.4,1.0,0.4,2.7,3.0,2.0,2.5,-1.5,6.0
24.0,28.0,26.0,18.0,156.0,57.5,55.3,55.6,54.2,54.2,76.0,74.0,73.0,72.0,73.0,2.2,-0.3,1.4,0.0,3.3,2.0,1.0,1.0,-1.0,3.0
22.0,27.0,18.0,22.0,165.0,48.0,47.0,47.4,47.3,46.8,72.0,70.0,69.0,69.0,69.0,1.0,-0.4,0.1,0.5,1.2,2.0,1.0,0.0,0.0,3.0
27.0,28.0,25.0,28.0,160.0,62.2,59.1,58.9,58.6,58.2,76.0,74.0,74.0,73.5,72.0,3.1,0.2,0.3,0.4,4.0,2.0,0.0,0.5,1.5,4.0
24.0,26.0,26.0,20.0,155.0,57.6,56.3,55.9,55.0,55.0,91.0,84.0,83.0,81.5,81.0,1.3,0.4,0.9,0.0,2.6,7.0,1.0,1.5,0.5,10.0
24.0,28.0,24.0,25.0,159.0,64.5,62.7,61.9,60.6,59.5,83.0,82.0,80.5,79.0,77.0,1.8,0.8,1.3,1.1,5.0,1.0,1.5,1.5,2.0,6.0
21.0,21.0,16.0,13.0,153.0,53.3,52.2,52.4,51.6,51.1,79.0,75.0,72.0,72.0,71.0,1.1,-0.2,0.8,0.5,2.2,4.0,3.0,0.0,1.0,8.0
12.0,11.0,11.0,2.0,164.0,55.9,55.0,54.5,54.1,54.0,64.0,64.0,63.0,62.0,62.0,0.9,0.5,0.4,0.1,1.9,0.0,1.0,1.0,0.0,2.0
20.0,24.0,25.0,20.0,158.0,50.0,48.6,49.5,49.5,49.5,72.0,69.0,70.0,70.0,69.0,1.4,-0.9,0.0,0.0,0.5,3.0,-1.0,0.0,1.0,3.0
23.0,26.0,24.0,5.0,158.0,69.5,68.8,66.5,66.0,66.1,99.0,96.0,90.5,90.1,92.5,0.7,2.3,0.5,-0.1,3.4,3.0,5.5,0.4,-2.4,6.5
18.0,23.0,27.0,19.0,168.0,56.0,54.5,54.0,53.9,52.6,74.0,72.0,71.0,70.0,68.5,1.5,0.5,0.1,1.3,3.4,2.0,1.0,1.0,1.5,5.5
18.0,20.0,14.0,11.0,164.0,64.0,63.4,63.4,62.9,63.5,78.0,71.0,69.0,68.0,69.0,0.6,0.0,0.5,-0.6,0.5,7.0,2.0,1.0,-1.0,9.0
5.0,0.0,0.0,0.0,158.0,53.0,52.6,51.7,51.5,50.8,71.0,68.0,68.0,66.0,65.0,0.4,0.9,0.2,0.7,2.2,3.0,0.0,2.0,1.0,6.0
6.0,13.0,17.0,16.0,156.0,55.8,55.6,54.9,54.4,53.8,85.0,75.0,75.0,80.0,78.0,0.2,0.7,0.5,0.6,2.0,10.0,0.0,-5.0,2.0,7.0
26.0,22.0,23.0,18.0,159.0,63.0,60.9,60.0,59.7,59.1,82.0,82.0,76.0,76.0,76.0,2.1,0.9,0.3,0.6,3.9,0.0,6.0,0.0,0.0,6.0
18.0,18.0,10.0,10.0,164.0,53.0,52.0,51.7,52.3,52.2,75.0,75.0,70.0,72.0,72.0,1.0,0.3,-0.6,0.1,0.8,0.0,5.0,-2.0,0.0,3.0
22.0,26.0,19.0,14.0,160.0,49.3,48.9,48.8,48.7,47.7,71.0,70.3,69.7,67.0,66.0,0.4,0.1,0.1,1.0,1.6,0.7,0.6,2.7,1.0,5.0
24.0,28.0,27.0,25.0,170.0,63.0,61.9,61.6,60.8,60.7,87.5,82.5,81.5,79.5,77.5,1.1,0.3,0.8,0.1,2.3,5.0,1.0,2.0,2.0,10.0
20.0,23.0,22.0,21.0,162.0,60.0,58.5,58.0,57.3,56.8,76.0,72.0,68.0,67.0,66.0,1.5,0.5,0.7,0.5,3.2,4.0,4.0,1.0,1.0,10.0
28.0,28.0,28.0,24.0,163.0,65.9,64.5,64.3,63.1,62.8,84.0,82.0,81.0,80.0,80.0,1.4,0.2,1.2,0.3,3.1,2.0,1.0,1.0,0.0,4.0
17.0,17.0,10.0,7.0,163.0,56.0,54.3,54.1,53.8,52.8,70.0,67.5,67.0,66.5,64.0,1.7,0.2,0.3,1.0,3.2,2.5,0.5,0.5,2.5,6.0
21.0,24.0,27.0,17.0,160.0,63.8,62.5,62.0,61.1,60.6,79.5,77.0,78.0,76.0,75.0,1.3,0.5,0.9,0.5,3.2,2.5,-1.0,2.0,1.0,4.5
23.0,25.0,24.0,24.0,151.0,47.1,46.3,46.1,45.6,45.8,69.0,65.0,65.0,63.0,64.0,0.8,0.2,0.5,-0.2,1.3,4.0,0.0,2.0,-1.0,5.0
0.0,0.0,24.0,18.0,162.0,73.6,71.2,69.4,68.8,68.0,89.0,86.0,85.0,84.0,83.0,2.4,1.8,0.6,0.8,5.6,3.0,1.0,1.0,1.0,6.0
20.0,24.0,19.0,20.0,159.0,54.0,53.0,52.2,52.3,51.3,77.0,75.0,71.0,72.0,71.0,1.0,0.8,-0.1,1.0,2.7,2.0,4.0,-1.0,1.0,6.0
13.0,19.0,21.0,19.0,171.0,68.5,67.9,66.5,65.7,65.0,80.0,78.0,75.0,75.0,75.0,0.6,1.4,0.8,0.7,3.5,2.0,3.0,0.0,0.0,5.0
22.0,26.0,27.0,13.0,164.0,70.0,67.3,66.6,65.9,65.7,92.0,88.0,88.0,88.0,87.0,2.7,0.7,0.7,0.2,4.3,4.0,0.0,0.0,1.0,5.0
23.0,27.0,23.0,27.0,166.0,56.0,54.0,53.3,53.9,52.8,74.0,70.5,69.0,69.0,68.5,2.0,0.7,-0.6,1.1,3.2,3.5,1.5,0.0,0.5,5.5
13.0,15.0,20.0,18.0,168.0,75.2,74.9,74.2,73.9,73.4,78.0,77.0,77.0,77.0,77.0,0.3,0.7,0.3,0.5,1.8,1.0,0.0,0.0,0.0,1.0
22.0,24.0,25.0,4.0,172.0,86.0,84.0,82.1,82.4,81.8,101.0,98.0,96.0,96.0,95.0,2.0,1.9,-0.3,0.6,4.2,3.0,2.0,0.0,1.0,6.0
22.0,22.0,2.0,1.0,169.0,67.0,65.4,66.0,65.7,65.5,74.0,74.5,74.0,74.5,73.0,1.6,-0.6,0.3,0.2,1.5,-0.5,0.5,-0.5,1.5,1.0
27.0,27.0,24.0,23.0,168.0,79.0,77.2,76.0,74.8,74.0,94.0,92.0,89.0,90.0,87.5,1.8,1.2,1.2,0.8,5.0,2.0,3.0,-1.0,2.5,6.5
24.0,28.0,26.0,27.0,158.0,58.7,56.4,56.4,55.5,54.5,80.0,75.0,72.0,71.0,70.0,2.3,0.0,0.9,1.0,4.2,5.0,3.0,1.0,1.0,10.0
24.0,28.0,28.0,28.0,164.0,56.1,55.5,55.5,56.0,55.0,73.0,71.0,71.0,70.0,69.0,0.6,0.0,-0.5,1.0,1.1,2.0,0.0,1.0,1.0,4.0
21.0,26.0,22.0,15.0,157.0,57.8,56.0,55.5,54.7,54.7,76.0,75.0,75.0,74.0,75.0,1.8,0.5,0.8,0.0,3.1,1.0,0.0,1.0,-1.0,1.0
24.0,25.0,24.0,28.0,174.0,68.5,68.4,68.4,67.0,66.6,75.0,71.5,71.5,70.0,72.0,0.1,0.0,1.4,0.4,1.9,3.5,0.0,1.5,-2.0,3.0
22.0,27.0,25.0,16.0,182.0,96.1,93.0,92.3,90.9,88.6,94.0,91.0,88.0,90.5,88.0,3.1,0.7,1.4,2.3,7.5,3.0,3.0,-2.5,2.5,6.0
28.0,28.0,28.0,28.0,164.0,54.7,53.7,53.7,52.7,52.0,80.0,77.0,76.0,74.0,73.0,1.0,0.0,1.0,0.7,2.7,3.0,1.0,2.0,1.0,7.0
27.0,25.0,26.0,24.0,178.0,73.0,70.6,70.3,69.4,68.6,82.0,79.0,78.0,78.0,77.0,2.4,0.3,0.9,0.8,4.4,3.0,1.0,0.0,1.0,5.0
23.0,28.0,28.0,28.0,168.0,63.0,60.1,60.0,59.6,58.0,77.5,72.0,72.0,71.0,70.0,2.9,0.1,0.4,1.6,5.0,5.5,0.0,1.0,1.0,7.5
28.0,28.0,28.0,28.0,160.0,53.8,52.7,53.2,52.2,52.9,68.0,64.0,64.0,64.0,63.5,1.1,-0.5,1.0,-0.7,0.9,4.0,0.0,0.0,0.5,4.5
20.0,27.0,26.0,27.0,175.0,81.5,80.3,78.5,77.9,77.1,91.0,88.0,85.0,88.0,83.5,1.2,1.8,0.6,0.8,4.4,3.0,3.0,-3.0,4.5,7.5
24.0,26.0,25.0,22.0,156.0,55.8,55.1,54.9,54.0,52.8,77.0,74.0,74.0,71.5,70.0,0.7,0.2,0.9,1.2,3.0,3.0,0.0,2.5,1.5,7.0
28.0,25.0,28.0,28.0,157.0,60.4,59.6,59.2,59.2,58.6,76.0,76.0,76.0,76.0,75.0,0.8,0.4,0.0,0.6,1.8,0.0,0.0,0.0,1.0,1.0
28.0,28.0,28.0,28.0,158.0,58.2,56.2,56.4,55.9,55.2,75.0,74.5,73.6,73.0,72.0,2.0,-0.2,0.5,0.7,3.0,0.5,0.9,0.6,1.0,3.0
23.0,24.0,26.0,21.0,160.0,61.0,59.5,59.0,57.7,57.0,72.0,72.0,70.0,69.0,68.5,1.5,0.5,1.3,0.7,4.0,0.0,2.0,1.0,0.5,3.5
24.0,28.0,28.0,28.0,162.0,71.0,68.9,69.1,68.8,67.1,90.0,85.0,83.0,83.0,83.0,2.1,-0.2,0.3,1.7,3.9,5.0,2.0,0.0,0.0,7.0
23.0,28.0,21.0,24.0,162.0,60.0,58.7,57.5,56.4,56.0,69.0,68.0,67.5,66.5,66.0,1.3,1.2,1.1,0.4,4.0,1.0,0.5,1.0,0.5,3.0
21.0,24.0,23.0,20.0,166.0,69.2,68.7,67.6,68.1,67.6,82.0,77.0,73.0,73.0,73.0,0.5,1.1,-0.5,0.5,1.6,5.0,4.0,0.0,0.0,9.0
28.0,26.0,28.0,24.0,167.0,73.5,71.2,70.2,69.7,69.2,81.0,80.5,79.0,76.0,77.0,2.3,1.0,0.5,0.5,4.3,0.5,1.5,3.0,-1.0,4.0
19.0,24.0,19.0,18.0,165.0,57.2,55.5,55.0,55.0,54.7,72.0,70.0,68.5,68.0,70.0,1.7,0.5,0.0,0.3,2.5,2.0,1.5,0.5,-2.0,2.0
26.0,26.0,21.0,7.0,165.0,67.4,66.7,66.4,65.5,65.0,81.0,83.0,79.0,78.0,76.0,0.7,0.3,0.9,0.5,2.4,-2.0,4.0,1.0,2.0,5.0
22.0,26.0,25.0,26.0,156.0,49.0,48.7,47.5,47.3,46.5,73.0,72.0,70.0,69.0,69.5,0.3,1.2,0.2,0.8,2.5,1.0,2.0,1.0,-0.5,3.5
17.0,10.0,3.0,0.0,160.0,58.6,56.9,56.8,56.8,56.5,86.0,84.0,78.0,75.0,76.0,1.7,0.1,0.0,0.3,2.1,2.0,6.0,3.0,-1.0,10.0
23.0,26.0,27.0,22.0,163.0,64.5,62.7,62.5,61.6,60.5,89.0,89.0,84.0,81.0,80.0,1.8,0.2,0.9,1.1,4.0,0.0,5.0,3.0,1.0,9.0
21.0,23.0,22.0,26.0,158.0,53.0,52.0,51.0,50.6,49.6,67.0,65.0,64.0,63.0,62.0,1.0,1.0,0.4,1.0,3.4,2.0,1.0,1.0,1.0,5.0
24.0,27.0,25.0,23.0,168.0,60.2,57.1,57.6,57.9,57.1,71.0,69.5,67.5,65.5,64.8,3.1,-0.5,-0.3,0.8,3.1,1.5,2.0,2.0,0.7,6.2
27.0,26.0,24.0,24.0,167.0,58.0,57.5,57.0,56.5,56.0,75.0,75.0,74.0,74.0,74.0,0.5,0.5,0.5,0.5,2.0,0.0,1.0,0.0,0.0,1.0
8.0,6.0,0.0,0.0,166.0,62.5,61.9,62.0,61.2,61.0,74.0,73.0,70.0,70.0,68.0,0.6,-0.1,0.8,0.2,1.5,1.0,3.0,0.0,2.0,6.0
23.0,26.0,23.0,27.0,160.0,65.0,64.0,64.0,64.0,62.0,77.0,75.0,73.5,74.0,71.0,1.0,0.0,0.0,2.0,3.0,2.0,1.5,-0.5,3.0,6.0
18.0,19.0,20.0,15.0,160.0,68.4,67.7,67.9,66.9,66.2,89.0,86.0,86.0,85.0,84.0,0.7,-0.2,1.0,0.7,2.2,3.0,0.0,1.0,1.0,5.0
22.0,26.0,20.0,16.0,159.0,55.5,55.0,54.7,54.2,54.7,77.0,76.0,75.5,75.0,75.0,0.5,0.3,0.5,-0.5,0.8,1.0,0.5,0.5,0.0,2.0
14.0,12.0,13.0,11.0,170.0,81.4,80.6,80.4,79.9,79.8,84.0,79.5,78.5,77.5,77.0,0.8,0.2,0.5,0.1,1.6,4.5,1.0,1.0,0.5,7.0
23.0,11.0,10.0,8.0,178.0,82.0,78.7,78.4,78.1,78.4,96.0,92.0,94.5,93.0,90.5,3.3,0.3,0.3,-0.3,3.6,4.0,-2.5,1.5,2.5,5.5
20.0,25.0,20.0,20.0,172.0,99.0,95.0,93.0,92.1,89.4,114.0,112.5,108.0,110.5,108.0,4.0,2.0,0.9,2.7,9.6,1.5,4.5,-2.5,2.5,6.0
17.0,16.0,15.0,15.0,164.0,61.5,61.4,61.0,60.8,60.5,78.0,76.0,75.0,75.0,76.0,0.1,0.4,0.2,0.3,1.0,2.0,1.0,0.0,-1.0,2.0
22.0,27.0,20.0,19.0,158.0,67.2,65.7,64.3,63.5,62.6,84.0,81.0,79.0,78.0,76.5,1.5,1.4,0.8,0.9,4.6,3.0,2.0,1.0,1.5,7.5
26.0,27.0,25.0,6.0,161.0,64.0,62.3,61.5,61.6,61.0,77.0,74.5,72.3,70.0,74.0,1.7,0.8,-0.1,0.6,3.0,2.5,2.2,2.3,-4.0,3.0
13.0,8.0,7.0,8.0,175.0,74.6,73.0,72.9,72.5,72.3,92.0,88.0,87.5,85.5,85.5,1.6,0.1,0.4,0.2,2.3,4.0,0.5,2.0,0.0,6.5
24.0,26.0,23.0,17.0,162.0,67.4,67.0,67.0,66.0,65.0,74.0,73.0,73.0,71.0,70.0,0.4,0.0,1.0,1.0,2.4,1.0,0.0,2.0,1.0,4.0
24.0,28.0,28.0,28.0,162.0,55.0,54.5,53.4,53.0,53.0,65.0,63.5,63.0,62.0,63.0,0.5,1.1,0.4,0.0,2.0,1.5,0.5,1.0,-1.0,2.0
28.0,28.0,28.0,28.0,160.0,53.4,52.1,51.3,51.2,50.6,70.0,68.0,67.0,67.0,67.0,1.3,0.8,0.1,0.6,2.8,2.0,1.0,0.0,0.0,3.0
23.0,23.0,28.0,26.0,155.0,52.1,51.4,51.5,50.3,50.6,72.0,71.0,71.5,71.5,69.0,0.7,-0.1,1.2,-0.3,1.5,1.0,-0.5,0.0,2.5,3.0
28.0,28.0,28.0,28.0,174.0,98.6,96.2,94.3,93.2,91.5,91.0,89.0,86.0,86.0,83.0,2.4,1.9,1.1,1.7,7.1,2.0,3.0,0.0,3.0,8.0
28.0,28.0,28.0,16.0,160.0,58.7,57.6,57.0,56.7,56.0,80.5,80.0,79.0,79.5,77.5,1.1,0.6,0.3,0.7,2.7,0.5,1.0,-0.5,2.0,3.0
28.0,28.0,28.0,24.0,170.0,67.4,66.7,66.2,65.0,64.5,85.0,82.5,80.0,79.0,79.0,0.7,0.5,1.2,0.5,2.9,2.5,2.5,1.0,0.0,6.0
28.0,28.0,28.0,28.0,164.0,53.5,53.0,52.8,53.1,53.3,66.5,65.5,65.3,65.0,64.7,0.5,0.2,-0.3,-0.2,0.2,1.0,0.2,0.3,0.3,1.8
23.0,21.0,21.0,18.0,172.0,88.0,86.4,85.0,84.0,84.0,83.0,82.0,82.0,82.0,80.0,1.6,1.4,1.0,0.0,4.0,1.0,0.0,0.0,2.0,3.0
23.0,26.0,28.0,25.0,154.0,60.0,58.9,58.3,58.0,57.7,74.0,72.5,74.0,72.5,71.0,1.1,0.6,0.3,0.3,2.3,1.5,-1.5,1.5,1.5,3.0
22.0,25.0,28.0,26.0,162.0,62.3,60.0,59.0,57.8,57.8,77.0,70.0,73.0,70.0,69.0,2.3,1.0,1.2,0.0,4.5,7.0,-3.0,3.0,1.0,8.0
22.0,24.0,26.0,16.0,156.0,56.2,55.0,54.7,54.3,54.5,83.4,81.0,79.0,77.0,79.0,1.2,0.3,0.4,-0.2,1.7,2.4,2.0,2.0,-2.0,4.4
20.0,21.0,26.0,26.0,156.0,51.6,51.1,50.6,50.0,49.5,70.0,68.0,68.0,68.0,67.0,0.5,0.5,0.6,0.5,2.1,2.0,0.0,0.0,1.0,3.0
27.0,27.0,28.0,27.0,170.0,67.0,66.8,66.2,65.5,64.8,78.0,75.0,74.0,73.0,73.0,0.2,0.6,0.7,0.7,2.2,3.0,1.0,1.0,0.0,5.0
27.0,27.0,25.0,25.0,157.0,50.2,49.8,48.9,48.9,47.7,66.0,65.5,65.0,65.0,64.0,0.4,0.9,0.0,1.2,2.5,0.5,0.5,0.0,1.0,2.0
24.0,24.0,21.0,14.0,165.0,72.6,71.6,70.4,70.0,68.7,88.0,86.0,84.0,83.0,82.0,1.0,1.2,0.4,1.3,3.9,2.0,2.0,1.0,1.0,6.0
28.0,28.0,26.0,22.0,169.0,67.0,65.6,65.0,64.5,62.9,83.0,80.0,78.0,77.5,77.0,1.4,0.6,0.5,1.6,4.1,3.0,2.0,0.5,0.5,6.0
22.0,25.0,23.0,14.0,158.0,50.8,50.4,49.9,49.5,48.6,66.0,65.8,65.0,64.0,63.0,0.4,0.5,0.4,0.9,2.2,0.2,0.8,1.0,1.0,3.0
22.0,26.0,22.0,16.0,170.0,70.0,68.5,67.5,67.3,67.5,83.0,82.0,82.0,81.0,82.0,1.5,1.0,0.2,-0.2,2.5,1.0,0.0,1.0,-1.0,1.0
24.0,26.0,25.0,24.0,174.0,75.0,73.0,72.0,71.3,70.2,83.0,81.0,79.0,77.5,76.5,2.0,1.0,0.7,1.1,4.8,2.0,2.0,1.5,1.0,6.5
23.0,24.0,26.0,23.0,165.0,67.4,64.6,64.6,64.7,63.7,81.0,77.0,77.0,76.0,73.0,2.8,0.0,-0.1,1.0,3.7,4.0,0.0,1.0,3.0,8.0
23.0,27.0,26.0,22.0,165.0,57.2,55.6,55.1,54.9,54.4,72.0,71.0,70.5,70.0,70.0,1.6,0.5,0.2,0.5,2.8,1.0,0.5,0.5,0.0,2.0
28.0,28.0,28.0,28.0,163.0,59.5,58.5,58.0,58.0,57.9,67.0,66.0,64.5,64.0,65.0,1.0,0.5,0.0,0.1,1.6,1.0,1.5,0.5,-1.0,2.0
20.0,24.0,18.0,14.0,165.0,55.2,54.7,54.2,54.0,53.1,73.0,72.0,71.0,71.0,70.0,0.5,0.5,0.2,0.9,2.1,1.0,1.0,0.0,1.0,3.0
24.0,27.0,27.0,25.0,180.0,82.5,79.6,78.6,77.3,76.5,89.0,86.5,86.0,84.5,82.5,2.9,1.0,1.3,0.8,6.0,2.5,0.5,1.5,2.0,6.5
23.0,24.0,22.0,14.0,167.0,76.3,75.0,74.5,74.8,73.9,86.0,78.0,78.0,77.0,76.0,1.3,0.5,-0.3,0.9,2.4,8.0,0.0,1.0,1.0,10.0
18.0,23.0,24.0,20.0,166.0,54.2,53.5,52.5,52.9,51.7,64.0,65.0,64.0,65.0,63.0,0.7,1.0,-0.4,1.2,2.5,-1.0,1.0,-1.0,2.0,1.0
28.0,27.0,28.0,28.0,170.0,66.2,64.2,63.8,63.6,62.7,78.0,73.5,73.0,73.0,72.7,2.0,0.4,0.2,0.9,3.5,4.5,0.5,0.0,0.3,5.3
28.0,28.0,28.0,28.0,165.0,62.0,61.0,61.3,60.3,60.0,84.0,81.0,82.0,82.0,80.0,1.0,-0.3,1.0,0.3,2.0,3.0,-1.0,0.0,2.0,4.0
26.0,27.0,23.0,22.0,155.0,56.3,55.5,54.5,54.8,53.9,70.0,69.5,68.0,67.0,65.0,0.8,1.0,-0.3,0.9,2.4,0.5,1.5,1.0,2.0,5.0
23.0,23.0,27.0,22.0,157.0,53.0,51.9,51.7,51.2,51.2,69.5,68.0,66.5,66.0,66.5,1.1,0.2,0.5,0.0,1.8,1.5,1.5,0.5,-0.5,3.0
24.0,27.0,28.0,27.0,165.0,56.0,55.0,54.5,54.0,53.0,79.0,75.0,73.0,73.0,70.0,1.0,0.5,0.5,1.0,3.0,4.0,2.0,0.0,3.0,9.0
11.0,5.0,20.0,7.0,162.0,55.5,55.0,55.0,55.0,53.4,72.0,71.0,69.0,68.0,68.0,0.5,0.0,0.0,1.6,2.1,1.0,2.0,1.0,0.0,4.0
3.0,10.0,6.0,2.0,171.0,77.5,77.0,76.5,76.7,76.6,91.5,90.0,90.0,90.0,90.0,0.5,0.5,-0.2,0.1,0.9,1.5,0.0,0.0,0.0,1.5
21.0,23.0,19.0,25.0,168.0,58.2,57.5,57.6,57.5,57.1,69.0,68.0,68.5,68.0,67.0,0.7,-0.1,0.1,0.4,1.1,1.0,-0.5,0.5,1.0,2.0
22.0,27.0,26.0,24.0,166.0,74.0,72.5,72.1,72.0,70.5,85.0,81.5,79.0,79.0,76.0,1.5,0.4,0.1,1.5,3.5,3.5,2.5,0.0,3.0,9.0
16.0,19.0,28.0,17.0,163.0,73.0,71.5,72.3,70.7,69.7,92.0,84.0,83.0,83.0,83.0,1.5,-0.8,1.6,1.0,3.3,8.0,1.0,0.0,0.0,9.0
24.0,28.0,28.0,28.0,171.0,69.8,68.0,68.4,67.1,66.4,80.0,79.0,78.0,75.0,74.0,1.8,-0.4,1.3,0.7,3.4,1.0,1.0,3.0,1.0,6.0
28.0,23.0,21.0,1.0,168.0,84.5,83.0,81.9,81.5,79.5,107.0,105.0,103.0,103.0,100.0,1.5,1.1,0.4,2.0,5.0,2.0,2.0,0.0,3.0,7.0
23.0,27.0,24.0,24.0,160.0,60.0,57.6,57.6,57.1,56.1,72.5,70.5,69.5,68.5,67.5,2.4,0.0,0.5,1.0,3.9,2.0,1.0,1.0,1.0,5.0
23.0,20.0,7.0,3.0,153.0,47.8,47.0,47.0,47.0,47.0,67.5,65.5,64.0,64.0,64.0,0.8,0.0,0.0,0.0,0.8,2.0,1.5,0.0,0.0,3.5
22.0,26.0,25.0,18.0,164.0,54.5,53.6,53.1,52.2,52.6,72.0,70.0,69.0,67.0,69.0,0.9,0.5,0.9,-0.4,1.9,2.0,1.0,2.0,-2.0,3.0
28.0,28.0,27.0,24.0,158.0,62.0,60.8,59.5,58.8,58.8,87.0,85.0,80.0,82.0,82.0,1.2,1.3,0.7,0.0,3.2,2.0,5.0,-2.0,0.0,5.0
17.0,17.0,17.0,6.0,161.0,83.7,81.3,80.5,80.1,78.7,87.0,85.0,83.0,82.0,80.0,2.4,0.8,0.4,1.4,5.0,2.0,2.0,1.0,2.0,7.0
23.0,25.0,25.0,13.0,160.0,68.3,66.6,66.5,66.4,65.5,96.0,95.0,95.0,93.0,90.0,1.7,0.1,0.1,0.9,2.8,1.0,0.0,2.0,3.0,6.0
21.0,23.0,23.0,21.0,175.0,79.0,77.0,76.0,75.0,74.0,91.0,92.0,90.0,88.0,88.0,2.0,1.0,1.0,1.0,5.0,-1.0,2.0,2.0,0.0,3.0
14.0,4.0,4.0,4.0,152.0,48.0,47.7,46.2,46.2,45.5,68.0,66.0,66.0,66.0,64.0,0.3,1.5,0.0,0.7,2.5,2.0,0.0,0.0,2.0,4.0
20.0,6.0,21.0,22.0,160.0,49.5,47.0,47.0,47.0,46.8,68.5,65.5,64.0,63.0,62.5,2.5,0.0,0.0,0.2,2.7,3.0,1.5,1.0,0.5,6.0
22.0,23.0,16.0,12.0,170.0,72.0,68.0,68.0,68.0,68.0,89.0,82.0,80.0,80.0,80.0,4.0,0.0,0.0,0.0,4.0,7.0,2.0,0.0,0.0,9.0
24.0,12.0,26.0,24.0,158.0,64.7,62.3,61.7,60.9,59.6,87.5,80.0,80.0,79.0,78.0,2.4,0.6,0.8,1.3,5.1,7.5,0.0,1.0,1.0,9.5
22.0,26.0,27.0,27.0,160.0,55.9,54.6,55.1,53.8,53.3,72.0,72.0,72.0,71.0,69.0,1.3,-0.5,1.3,0.5,2.6,0.0,0.0,1.0,2.0,3.0
22.0,18.0,11.0,5.0,172.0,66.0,65.0,62.8,63.0,63.0,77.5,75.0,72.0,72.0,74.0,1.0,2.2,-0.2,0.0,3.0,2.5,3.0,0.0,-2.0,3.5
24.0,25.0,25.0,17.0,177.0,84.2,83.2,81.7,81.3,80.5,92.0,89.0,88.0,87.5,87.5,1.0,1.5,0.4,0.8,3.7,3.0,1.0,0.5,0.0,4.5
24.0,25.0,27.0,15.0,165.0,59.0,57.3,57.4,56.4,55.0,76.0,74.0,74.0,74.0,70.0,1.7,-0.1,1.0,1.4,4.0,2.0,0.0,0.0,4.0,6.0
12.0,11.0,12.0,6.0,168.0,56.1,55.4,55.4,54.5,54.5,78.0,74.0,75.0,73.0,73.0,0.7,0.0,0.9,0.0,1.6,4.0,-1.0,2.0,0.0,5.0
24.0,28.0,27.0,26.0,160.0,59.2,57.9,57.2,56.5,55.8,75.0,71.0,73.0,72.0,69.0,1.3,0.7,0.7,0.7,3.4,4.0,-2.0,1.0,3.0,6.0
24.0,19.0,19.0,12.0,170.0,61.0,59.7,59.4,59.2,58.6,71.0,67.0,66.0,66.0,65.0,1.3,0.3,0.2,0.6,2.4,4.0,1.0,0.0,1.0,6.0
28.0,28.0,26.0,24.0,166.0,61.9,61.5,61.8,61.2,60.9,70.0,70.0,69.0,68.5,68.5,0.4,-0.3,0.6,0.3,1.0,0.0,1.0,0.5,0.0,1.5
27.0,26.0,24.0,20.0,161.0,65.0,63.0,62.0,62.4,63.0,80.0,80.0,78.0,78.0,77.0,2.0,1.0,-0.4,-0.6,2.0,0.0,2.0,0.0,1.0,3.0
23.0,25.0,26.0,23.0,172.0,59.8,59.5,59.5,58.5,58.3,70.0,68.0,68.0,67.0,67.0,0.3,0.0,1.0,0.2,1.5,2.0,0.0,1.0,0.0,3.0
24.0,27.0,26.0,27.0,176.0,90.0,88.5,87.9,86.1,85.0,94.0,89.0,87.0,87.0,86.5,1.5,0.6,1.8,1.1,5.0,5.0,2.0,0.0,0.5,7.5
28.0,11.0,1.0,0.0,173.0,63.9,63.4,63.0,62.9,62.6,71.0,71.0,69.0,68.0,68.0,0.5,0.4,0.1,0.3,1.3,0.0,2.0,1.0,0.0,3.0
28.0,28.0,28.0,28.0,164.0,80.6,79.3,79.3,78.6,78.3,92.0,89.0,88.0,87.0,86.0,1.3,0.0,0.7,0.3,2.3,3.0,1.0,1.0,1.0,6.0
24.0,19.0,27.0,15.0,178.0,78.6,77.4,75.5,75.3,74.7,90.0,88.0,88.0,85.0,87.0,1.2,1.9,0.2,0.6,3.9,2.0,0.0,3.0,-2.0,3.0
24.0,28.0,28.0,23.0,160.0,49.6,48.5,49.0,48.5,48.3,68.5,67.5,66.5,65.0,65.5,1.1,-0.5,0.5,0.2,1.3,1.0,1.0,1.5,-0.5,3.0
28.0,25.0,22.0,16.0,162.0,57.4,56.3,56.1,55.8,55.5,75.0,74.0,73.0,73.0,72.5,1.1,0.2,0.3,0.3,1.9,1.0,1.0,0.0,0.5,2.5
28.0,28.0,28.0,25.0,152.0,54.6,53.8,53.5,53.0,52.8,76.0,71.7,70.0,70.0,70.0,0.8,0.3,0.5,0.2,1.8,4.3,1.7,0.0,0.0,6.0
23.0,23.0,25.0,27.0,163.0,49.0,48.1,48.2,48.2,48.1,78.0,75.0,74.0,72.0,71.0,0.9,-0.1,0.0,0.1,0.9,3.0,1.0,2.0,1.0,7.0
19.0,22.0,22.0,20.0,171.0,59.4,58.0,57.3,57.2,57.0,74.0,72.0,71.0,67.0,66.0,1.4,0.7,0.1,0.2,2.4,2.0,1.0,4.0,1.0,8.0
19.0,23.0,23.0,13.0,162.0,60.5,59.8,59.2,58.9,58.9,70.0,68.0,67.0,66.5,66.0,0.7,0.6,0.3,0.0,1.6,2.0,1.0,0.5,0.5,4.0
28.0,28.0,28.0,27.0,158.0,71.5,70.9,69.7,69.1,68.6,92.0,94.0,93.0,91.0,88.0,0.6,1.2,0.6,0.5,2.9,-2.0,1.0,2.0,3.0,4.0
19.0,25.0,25.0,20.0,158.0,59.3,58.3,57.6,57.0,56.4,83.0,87.0,75.0,74.0,73.0,1.0,0.7,0.6,0.6,2.9,-4.0,12.0,1.0,1.0,10.0
24.0,22.0,28.0,26.0,164.0,71.0,68.5,68.1,67.7,66.2,80.0,76.0,76.0,75.0,74.0,2.5,0.4,0.4,1.5,4.8,4.0,0.0,1.0,1.0,6.0
22.0,28.0,28.0,27.0,158.0,56.5,54.2,53.6,52.5,53.0,76.0,74.0,73.0,73.0,74.0,2.3,0.6,1.1,-0.5,3.5,2.0,1.0,0.0,-1.0,2.0
16.0,25.0,18.0,22.0,160.0,49.2,48.4,48.7,48.5,48.4,68.0,66.5,64.0,61.0,62.0,0.8,-0.3,0.2,0.1,0.8,1.5,2.5,3.0,-1.0,6.0
19.0,18.0,22.0,25.0,165.0,48.0,47.0,47.0,46.5,46.4,66.0,64.5,63.0,64.0,63.0,1.0,0.0,0.5,0.1,1.6,1.5,1.5,-1.0,1.0,3.0
23.0,24.0,25.0,22.0,162.0,63.6,62.1,62.0,60.4,59.4,75.0,76.0,75.0,75.0,73.0,1.5,0.1,1.6,1.0,4.2,-1.0,1.0,0.0,2.0,2.0
28.0,27.0,3.0,17.0,158.0,62.3,61.0,60.0,59.0,58.7,86.0,84.0,80.0,78.0,77.0,1.3,1.0,1.0,0.3,3.6,2.0,4.0,2.0,1.0,9.0
26.0,21.0,22.0,20.0,159.0,52.0,51.0,51.6,50.5,50.1,76.0,78.0,70.0,68.0,68.0,1.0,-0.6,1.1,0.4,1.9,-2.0,8.0,2.0,0.0,8.0
20.0,16.0,17.0,12.0,165.0,64.0,62.7,61.8,61.4,60.2,79.0,76.0,75.0,70.0,75.0,1.3,0.9,0.4,1.2,3.8,3.0,1.0,5.0,-5.0,4.0
18.0,25.0,10.0,2.0,157.0,59.0,57.0,56.0,56.0,55.3,84.0,82.0,80.0,78.0,76.0,2.0,1.0,0.0,0.7,3.7,2.0,2.0,2.0,2.0,8.0
24.0,28.0,28.0,26.0,155.0,62.5,61.2,60.0,59.5,59.5,89.0,87.0,85.0,83.0,81.0,1.3,1.2,0.5,0.0,3.0,2.0,2.0,2.0,2.0,8.0
24.0,26.0,28.0,26.0,172.0,66.0,65.0,65.5,65.5,64.0,74.0,72.5,70.0,70.0,67.0,1.0,-0.5,0.0,1.5,2.0,1.5,2.5,0.0,3.0,7.0
20.0,26.0,26.0,16.0,158.0,53.0,52.5,51.7,51.5,51.3,66.0,65.0,64.0,63.5,63.0,0.5,0.8,0.2,0.2,1.7,1.0,1.0,0.5,0.5,3.0
23.0,27.0,27.0,27.0,160.0,80.5,77.7,76.8,76.0,75.0,99.0,98.0,95.5,95.0,91.0,2.8,0.9,0.8,1.0,5.5,1.0,2.5,0.5,4.0,8.0
25.0,26.0,27.0,17.0,167.0,79.0,77.4,76.9,76.8,76.4,88.0,83.5,82.0,83.5,82.5,1.6,0.5,0.1,0.4,2.6,4.5,1.5,-1.5,1.0,5.5
23.0,26.0,26.0,23.0,150.0,62.6,61.3,59.1,59.9,59.6,85.0,88.0,84.0,82.0,84.0,1.3,2.2,-0.8,0.3,3.0,-3.0,4.0,2.0,-2.0,1.0
28.0,25.0,23.0,28.0,165.0,67.0,65.3,65.5,65.1,64.5,80.0,78.0,76.0,75.0,74.0,1.7,-0.2,0.4,0.6,2.5,2.0,2.0,1.0,1.0,6.0
23.0,13.0,12.0,12.0,169.0,82.5,80.5,79.6,79.5,78.5,99.0,95.0,94.0,93.0,93.0,2.0,0.9,0.1,1.0,4.0,4.0,1.0,1.0,0.0,6.0
27.0,28.0,28.0,25.0,168.0,74.2,72.8,71.2,71.2,72.0,81.0,80.0,81.0,78.0,77.0,1.4,1.6,0.0,-0.8,2.2,1.0,-1.0,3.0,1.0,4.0
28.0,28.0,28.0,22.0,165.0,75.0,72.9,71.5,72.1,70.5,86.0,80.0,80.0,80.0,79.0,2.1,1.4,-0.6,1.6,4.5,6.0,0.0,0.0,1.0,7.0
22.0,25.0,24.0,23.0,152.0,48.0,47.8,47.3,47.6,46.8,67.5,65.5,64.4,65.0,64.0,0.2,0.5,-0.3,0.8,1.2,2.0,1.1,-0.6,1.0,3.5
20.0,25.0,18.0,15.0,173.0,84.0,82.0,80.4,79.1,79.0,102.0,95.0,94.0,94.0,93.0,2.0,1.6,1.3,0.1,5.0,7.0,1.0,0.0,1.0,9.0
9.0,6.0,6.0,0.0,165.0,70.5,69.3,69.4,69.5,68.9,84.0,81.0,84.0,83.0,83.0,1.2,-0.1,-0.1,0.6,1.6,3.0,-3.0,1.0,0.0,1.0
19.0,18.0,18.0,8.0,160.0,72.3,71.8,71.3,70.9,69.9,84.0,80.0,78.0,78.0,77.0,0.5,0.5,0.4,1.0,2.4,4.0,2.0,0.0,1.0,7.0
22.0,24.0,25.0,16.0,165.0,74.5,72.8,72.0,70.8,69.8,90.0,89.0,87.5,86.5,85.5,1.7,0.8,1.2,1.0,4.7,1.0,1.5,1.0,1.0,4.5
24.0,28.0,28.0,24.0,168.0,62.5,61.4,60.2,60.0,60.0,77.0,72.0,72.0,70.0,71.0,1.1,1.2,0.2,0.0,2.5,5.0,0.0,2.0,-1.0,6.0
28.0,27.0,26.0,21.0,184.0,98.0,95.8,94.6,93.2,92.7,99.5,97.5,95.0,93.8,94.0,2.2,1.2,1.4,0.5,5.3,2.0,2.5,1.2,-0.2,5.5
3.0,19.0,27.0,22.0,168.0,72.8,71.3,70.0,68.7,68.5,84.0,83.0,82.0,80.0,80.0,1.5,1.3,1.3,0.2,4.3,1.0,1.0,2.0,0.0,4.0
28.0,28.0,28.0,28.0,160.0,70.0,68.8,67.3,66.8,66.5,84.0,81.0,79.0,77.0,76.0,1.2,1.5,0.5,0.3,3.5,3.0,2.0,2.0,1.0,8.0
17.0,20.0,21.0,23.0,157.0,52.5,51.3,51.0,50.7,50.2,71.0,69.0,67.5,67.0,67.0,1.2,0.3,0.3,0.5,2.3,2.0,1.5,0.5,0.0,4.0
21.0,24.0,24.0,25.0,168.0,60.4,59.9,58.2,58.0,58.5,71.0,70.0,69.5,69.0,69.0,0.5,1.7,0.2,-0.5,1.9,1.0,0.5,0.5,0.0,2.0
21.0,18.0,8.0,9.0,162.0,70.2,69.6,68.6,67.3,66.6,79.0,77.5,78.0,76.0,77.0,0.6,1.0,1.3,0.7,3.6,1.5,-0.5,2.0,-1.0,2.0
22.0,27.0,26.0,20.0,153.0,68.0,66.3,65.0,64.5,64.0,75.0,72.0,71.0,71.0,68.0,1.7,1.3,0.5,0.5,4.0,3.0,1.0,0.0,3.0,7.0
24.0,28.0,28.0,11.0,162.0,61.7,60.3,59.4,58.3,57.7,78.0,77.0,76.3,74.0,73.0,1.4,0.9,1.1,0.6,4.0,1.0,0.7,2.3,1.0,5.0
13.0,1.0,9.0,0.0,162.0,57.0,55.5,55.0,54.8,54.5,73.0,71.0,70.0,69.5,69.0,1.5,0.5,0.2,0.3,2.5,2.0,1.0,0.5,0.5,4.0
28.0,28.0,28.0,28.0,160.0,63.0,60.4,59.0,58.4,58.2,85.2,83.0,81.2,78.4,78.2,2.6,1.4,0.6,0.2,4.8,2.2,1.8,2.8,0.2,7.0
23.0,22.0,17.0,13.0,155.0,55.0,53.0,53.0,52.8,51.8,80.0,77.0,78.0,79.0,78.0,2.0,0.0,0.2,1.0,3.2,3.0,-1.0,-1.0,1.0,2.0
18.0,22.0,21.0,22.0,158.0,51.0,49.8,49.7,49.6,49.1,74.0,74.0,72.0,72.0,70.0,1.2,0.1,0.1,0.5,1.9,0.0,2.0,0.0,2.0,4.0
0.0,2.0,1.0,0.0,177.0,75.0,74.4,73.3,72.7,73.0,90.0,89.0,88.0,86.0,88.0,0.6,1.1,0.6,-0.3,2.0,1.0,1.0,2.0,-2.0,2.0
22.0,19.0,15.0,17.0,161.0,61.8,60.8,59.9,59.8,59.5,77.0,74.0,75.0,74.0,73.0,1.0,0.9,0.1,0.3,2.3,3.0,-1.0,1.0,1.0,4.0
24.0,27.0,26.0,20.0,168.0,73.8,73.4,73.5,72.5,72.7,84.0,83.0,83.0,81.0,81.5,0.4,-0.1,1.0,-0.2,1.1,1.0,0.0,2.0,-0.5,2.5
23.0,27.0,27.0,27.0,162.0,61.5,61.1,60.6,60.1,59.7,78.5,76.0,73.5,73.5,73.0,0.4,0.5,0.5,0.4,1.8,2.5,2.5,0.0,0.5,5.5
28.0,28.0,28.0,26.0,178.0,96.0,93.8,92.8,90.5,90.0,110.0,105.0,103.0,103.0,101.0,2.2,1.0,2.3,0.5,6.0,5.0,2.0,0.0,2.0,9.0
22.0,26.0,19.0,14.0,158.0,64.8,64.2,62.8,62.3,62.0,80.0,79.0,76.5,74.0,74.0,0.6,1.4,0.5,0.3,2.8,1.0,2.5,2.5,0.0,6.0
14.0,11.0,3.0,0.0,171.0,75.5,75.0,73.8,74.0,72.9,89.0,88.0,87.5,87.0,85.5,0.5,1.2,-0.2,1.1,2.6,1.0,0.5,0.5,1.5,3.5
24.0,28.0,28.0,28.0,170.0,66.6,65.6,65.0,65.1,63.5,77.0,75.0,74.0,74.0,73.5,1.0,0.6,-0.1,1.6,3.1,2.0,1.0,0.0,0.5,3.5
20.0,19.0,16.0,8.0,168.0,67.0,66.5,65.0,64.0,62.5,84.0,80.0,80.0,78.5,77.0,0.5,1.5,1.0,1.5,4.5,4.0,0.0,1.5,1.5,7.0
20.0,19.0,16.0,14.0,175.0,78.0,76.0,74.7,74.6,74.0,84.0,81.0,79.0,77.0,74.0,2.0,1.3,0.1,0.6,4.0,3.0,2.0,2.0,3.0,10.0
28.0,28.0,28.0,28.0,163.0,60.6,60.2,59.5,60.4,59.2,77.0,77.0,76.0,76.0,75.0,0.4,0.7,-0.9,1.2,1.4,0.0,1.0,0.0,1.0,2.0
26.0,27.0,22.0,16.0,168.0,53.3,52.9,52.6,53.1,52.4,70.0,68.5,66.0,66.0,64.0,0.4,0.3,-0.5,0.7,0.9,1.5,2.5,0.0,2.0,6.0
24.0,28.0,28.0,28.0,149.0,46.4,46.1,47.0,47.0,45.3,69.0,69.0,67.0,66.0,64.0,0.3,-0.9,0.0,1.7,1.1,0.0,2.0,1.0,2.0,5.0
24.0,28.0,28.0,28.0,165.0,72.2,70.8,69.2,68.9,67.5,82.0,81.0,80.0,79.5,77.5,1.4,1.6,0.3,1.4,4.7,1.0,1.0,0.5,2.0,4.5
23.0,25.0,24.0,21.0,161.0,52.5,51.7,51.2,51.0,50.5,71.0,70.0,66.0,68.0,66.0,0.8,0.5,0.2,0.5,2.0,1.0,4.0,-2.0,2.0,5.0
7.0,13.0,10.0,0.0,162.0,70.5,67.2,66.7,66.7,66.2,82.0,81.0,80.0,79.0,78.0,3.3,0.5,0.0,0.5,4.3,1.0,1.0,1.0,1.0,4.0
14.0,12.0,20.0,6.0,168.0,57.2,57.1,56.8,57.5,56.6,72.0,70.0,70.0,70.5,70.0,0.1,0.3,-0.7,0.9,0.6,2.0,0.0,-0.5,0.5,2.0
21.0,23.0,15.0,6.0,162.0,51.8,50.1,50.0,49.7,49.6,77.0,72.0,71.0,71.0,70.0,1.7,0.1,0.3,0.1,2.2,5.0,1.0,0.0,1.0,7.0
21.0,28.0,28.0,8.0,162.0,65.1,63.4,63.4,63.2,62.8,77.0,76.0,75.5,74.5,73.4,1.7,0.0,0.2,0.4,2.3,1.0,0.5,1.0,1.1,3.6
28.0,23.0,27.0,11.0,166.0,64.7,63.5,62.7,60.7,59.0,76.5,76.0,72.0,71.0,71.0,1.2,0.8,2.0,1.7,5.7,0.5,4.0,1.0,0.0,5.5
24.0,26.0,22.0,23.0,163.0,59.5,58.0,57.8,56.9,56.4,84.0,84.0,82.0,84.0,81.0,1.5,0.2,0.9,0.5,3.1,0.0,2.0,-2.0,3.0,3.0
20.0,15.0,16.0,22.0,165.0,78.2,77.0,75.8,74.9,75.0,96.5,95.0,92.5,92.0,92.0,1.2,1.2,0.9,-0.1,3.2,1.5,2.5,0.5,0.0,4.5
23.0,22.0,23.0,26.0,173.0,77.7,75.2,74.5,73.7,72.9,89.0,88.0,86.5,86.0,85.0,2.5,0.7,0.8,0.8,4.8,1.0,1.5,0.5,1.0,4.0
23.0,23.0,12.0,0.0,151.0,70.9,68.2,67.5,67.8,67.6,90.0,87.0,84.5,85.0,84.0,2.7,0.7,-0.3,0.2,3.3,3.0,2.5,-0.5,1.0,6.0
22.0,6.0,7.0,2.0,162.0,57.2,55.9,56.1,55.5,55.5,73.0,70.0,70.0,69.0,67.0,1.3,-0.2,0.6,0.0,1.7,3.0,0.0,1.0,2.0,6.0
28.0,28.0,28.0,28.0,166.0,58.0,56.2,56.2,55.6,55.5,65.0,63.0,64.0,63.5,63.5,1.8,0.0,0.6,0.1,2.5,2.0,-1.0,0.5,0.0,1.5
23.0,25.0,24.0,11.0,160.0,50.6,50.5,49.7,49.6,48.4,66.0,64.0,63.0,64.0,63.0,0.1,0.8,0.1,1.2,2.2,2.0,1.0,-1.0,1.0,3.0
23.0,28.0,23.0,21.0,151.0,48.0,47.8,47.0,45.4,45.9,70.0,68.0,66.0,65.0,65.0,0.2,0.8,1.6,-0.5,2.1,2.0,2.0,1.0,0.0,5.0
18.0,14.0,16.0,10.0,160.0,53.4,52.5,53.1,51.9,50.9,76.0,76.0,75.0,72.0,70.0,0.9,-0.6,1.2,1.0,2.5,0.0,1.0,3.0,2.0,6.0
18.0,20.0,21.0,10.0,170.0,65.4,64.3,63.6,63.5,62.5,83.0,82.0,79.0,78.0,77.0,1.1,0.7,0.1,1.0,2.9,1.0,3.0,1.0,1.0,6.0
23.0,23.0,25.0,25.0,165.0,65.4,64.9,63.9,63.1,62.9,77.0,77.0,76.0,75.0,74.0,0.5,1.0,0.8,0.2,2.5,0.0,1.0,1.0,1.0,3.0
24.0,28.0,27.0,26.0,163.0,60.0,58.1,57.1,57.5,57.0,72.0,69.0,66.0,65.0,65.0,1.9,1.0,-0.4,0.5,3.0,3.0,3.0,1.0,0.0,7.0
22.0,20.0,21.0,9.0,163.0,74.6,72.4,71.9,71.7,71.5,88.5,85.5,82.0,80.5,80.5,2.2,0.5,0.2,0.2,3.1,3.0,3.5,1.5,0.0,8.0
22.0,19.0,24.0,19.0,163.0,78.1,77.1,75.8,75.5,74.4,89.7,86.0,84.4,82.2,82.1,1.0,1.3,0.3,1.1,3.7,3.7,1.6,2.2,0.1,7.6
23.0,25.0,24.0,22.0,168.0,97.1,95.0,94.2,94.0,92.5,110.0,102.0,102.0,101.0,102.0,2.1,0.8,0.2,1.5,4.6,8.0,0.0,1.0,-1.0,8.0
23.0,26.0,25.0,23.0,160.0,56.0,55.0,54.5,54.0,53.0,74.0,75.0,73.5,72.5,71.5,1.0,0.5,0.5,1.0,3.0,-1.0,1.5,1.0,1.0,2.5
17.0,19.0,11.0,17.0,166.0,61.5,60.0,59.9,58.9,58.1,83.0,80.0,78.0,78.0,75.0,1.5,0.1,1.0,0.8,3.4,3.0,2.0,0.0,3.0,8.0
17.0,8.0,8.0,6.0,159.0,54.0,52.3,51.5,51.3,51.0,76.0,73.0,71.0,70.0,69.0,1.7,0.8,0.2,0.3,3.0,3.0,2.0,1.0,1.0,7.0
28.0,28.0,28.0,28.0,158.0,51.4,50.6,49.3,49.2,48.9,71.0,68.0,66.5,66.5,65.5,0.8,1.3,0.1,0.3,2.5,3.0,1.5,0.0,1.0,5.5
23.0,21.0,21.0,28.0,160.0,56.5,55.5,55.3,55.2,55.2,78.0,74.0,75.0,75.0,73.0,1.0,0.2,0.1,0.0,1.3,4.0,-1.0,0.0,2.0,5.0
22.0,26.0,25.0,11.0,164.0,66.8,66.6,66.3,65.4,65.4,86.5,80.0,79.0,75.0,78.0,0.2,0.3,0.9,0.0,1.4,6.5,1.0,4.0,-3.0,8.5
22.0,27.0,25.0,28.0,169.0,65.3,64.0,64.0,63.2,62.5,72.0,70.0,70.0,69.0,69.0,1.3,0.0,0.8,0.7,2.8,2.0,0.0,1.0,0.0,3.0
14.0,20.0,19.0,18.0,170.0,66.7,65.1,63.4,63.1,63.4,76.0,71.7,73.5,72.9,71.4,1.6,1.7,0.3,-0.3,3.3,4.3,-1.8,0.6,1.5,4.6
28.0,28.0,28.0,19.0,172.0,66.0,65.1,65.3,64.9,63.5,80.0,77.0,77.0,78.0,77.0,0.9,-0.2,0.4,1.4,2.5,3.0,0.0,-1.0,1.0,3.0
24.0,25.0,25.0,24.0,158.0,54.5,53.7,53.4,53.2,53.2,72.0,69.0,68.0,67.5,67.0,0.8,0.3,0.2,0.0,1.3,3.0,1.0,0.5,0.5,5.0
21.0,20.0,23.0,8.0,166.0,74.6,72.8,72.8,72.4,71.0,85.0,80.0,77.0,77.0,75.0,1.8,0.0,0.4,1.4,3.6,5.0,3.0,0.0,2.0,10.0
27.0,26.0,27.0,27.0,171.0,60.6,59.8,58.6,57.8,57.3,77.0,76.5,76.0,73.0,72.0,0.8,1.2,0.8,0.5,3.3,0.5,0.5,3.0,1.0,5.0
28.0,28.0,28.0,28.0,168.0,60.8,59.5,58.5,58.5,58.5,75.0,75.0,71.0,70.0,69.0,1.3,1.0,0.0,0.0,2.3,0.0,4.0,1.0,1.0,6.0
28.0,25.0,19.0,6.0,168.0,64.5,63.5,63.3,63.4,62.2,81.0,79.5,77.0,77.5,77.0,1.0,0.2,-0.1,1.2,2.3,1.5,2.5,-0.5,0.5,4.0
24.0,27.0,23.0,17.0,162.0,65.5,64.4,63.6,63.1,62.8,78.5,77.5,76.0,75.0,73.8,1.1,0.8,0.5,0.3,2.7,1.0,1.5,1.0,1.2,4.7
22.0,26.0,18.0,10.0,165.0,56.0,55.2,54.4,54.7,54.2,70.0,69.0,68.0,69.0,67.0,0.8,0.8,-0.3,0.5,1.8,1.0,1.0,-1.0,2.0,3.0
21.0,26.0,22.0,24.0,158.0,59.5,57.5,57.1,56.0,55.1,71.0,69.0,68.0,69.0,67.0,2.0,0.4,1.1,0.9,4.4,2.0,1.0,-1.0,2.0,4.0
23.0,22.0,25.0,25.0,163.0,63.4,60.9,60.9,60.9,59.3,74.0,71.0,71.0,69.0,68.0,2.5,0.0,0.0,1.6,4.1,3.0,0.0,2.0,1.0,6.0
24.0,22.0,21.0,16.0,154.0,52.9,51.6,51.1,52.0,50.3,70.0,67.0,64.5,65.0,67.0,1.3,0.5,-0.9,1.7,2.6,3.0,2.5,-0.5,-2.0,3.0
23.0,26.0,5.0,0.0,174.0,67.0,66.6,66.0,65.3,64.7,70.0,69.5,72.5,67.5,66.0,0.4,0.6,0.7,0.6,2.3,0.5,-3.0,5.0,1.5,4.0
11.0,22.0,12.0,16.0,168.0,77.4,77.3,76.8,77.2,76.9,87.0,84.0,86.0,85.0,83.0,0.1,0.5,-0.4,0.3,0.5,3.0,-2.0,1.0,2.0,4.0
23.0,28.0,27.0,24.0,159.0,76.0,74.5,73.0,72.0,71.0,88.0,81.0,80.0,80.0,79.0,1.5,1.5,1.0,1.0,5.0,7.0,1.0,0.0,1.0,9.0
18.0,18.0,20.0,17.0,162.0,65.4,64.8,63.9,63.5,63.3,86.0,86.0,85.0,85.0,85.0,0.6,0.9,0.4,0.2,2.1,0.0,1.0,0.0,0.0,1.0
27.0,23.0,23.0,18.0,172.0,76.0,74.9,74.0,73.4,73.0,80.0,79.0,78.0,77.5,78.0,1.1,0.9,0.6,0.4,3.0,1.0,1.0,0.5,-0.5,2.0
15.0,18.0,20.0,19.0,180.0,96.0,93.0,90.5,90.4,89.7,105.0,100.0,101.0,100.0,98.0,3.0,2.5,0.1,0.7,6.3,5.0,-1.0,1.0,2.0,7.0
28.0,28.0,28.0,28.0,166.0,78.7,77.7,76.1,75.9,75.3,91.5,90.5,88.0,88.0,87.5,1.0,1.6,0.2,0.6,3.4,1.0,2.5,0.0,0.5,4.0
14.0,18.0,19.0,6.0,164.0,64.5,63.4,62.4,61.7,62.5,87.0,84.0,83.0,82.0,83.0,1.1,1.0,0.7,-0.8,2.0,3.0,1.0,1.0,-1.0,4.0
24.0,28.0,25.0,28.0,168.0,74.0,72.2,71.7,71.1,70.6,79.0,76.0,70.0,70.0,75.0,1.8,0.5,0.6,0.5,3.4,3.0,6.0,0.0,-5.0,4.0
23.0,26.0,24.0,28.0,152.0,60.0,59.8,59.3,59.6,58.3,78.0,78.0,78.0,78.0,77.0,0.2,0.5,-0.3,1.3,1.7,0.0,0.0,0.0,1.0,1.0
27.0,26.0,27.0,28.0,163.0,54.2,54.0,54.7,53.7,53.0,73.0,71.0,71.0,70.0,70.5,0.2,-0.7,1.0,0.7,1.2,2.0,0.0,1.0,-0.5,2.5
19.0,23.0,25.0,25.0,173.0,76.3,74.8,72.5,72.6,72.1,82.5,81.0,80.5,80.0,79.5,1.5,2.3,-0.1,0.5,4.2,1.5,0.5,0.5,0.5,3.0
19.0,25.0,24.0,15.0,159.0,65.0,64.0,63.0,62.0,61.5,88.0,89.0,85.0,83.0,82.0,1.0,1.0,1.0,0.5,3.5,-1.0,4.0,2.0,1.0,6.0
12.0,21.0,15.0,11.0,160.0,63.0,62.3,61.9,62.0,61.0,80.0,80.0,78.0,77.0,76.0,0.7,0.4,-0.1,1.0,2.0,0.0,2.0,1.0,1.0,4.0
19.0,22.0,21.0,21.0,153.0,73.0,69.8,69.9,69.3,68.9,97.0,94.0,95.0,92.5,90.0,3.2,-0.1,0.6,0.4,4.1,3.0,-1.0,2.5,2.5,7.0
